{"options":{},"indexes":[{"v":2,"key":{"_id":1},"name":"_id_","ns":"sample_airbnb.listingsAndReviews"},{"v":2,"key":{"property_type":1,"room_type":1,"beds":1},"name":"property_type_1_room_type_1_beds_1","ns":"sample_airbnb.listingsAndReviews","background":true},{"v":2,"key":{"name":1},"name":"name_1","background":true,"ns":"sample_airbnb.listingsAndReviews"},{"v":2,"key":{"address.location":"2dsphere"},"name":"address.location_2dsphere","2dsphereIndexVersion":3,"ns":"sample_airbnb.listingsAndReviews","background":true}]}